"0","print(""dataOld Columns:"")"
"1","[1]"
"1"," ""dataOld Columns:"""
"1","
"
"0","colnames(PGDataOld)"
"1"," [1]"
"1"," ""Incident_case_id""       "
"1"," ""Date""                   "
"1"," ""Clearance_code_inc_type"""
"1"," ""PGPD.Reporting.Area""    "
"1","
"
"1"," [5]"
"1"," ""PGPD.Sector""            "
"1"," ""PGPD.Beat""              "
"1"," ""Street_Number""          "
"1"," ""Street_Address""         "
"1","
"
"1"," [9]"
"1"," ""Latitude""               "
"1"," ""Longitude""              "
"1"," ""Location""               "
"1","
"
"0","print(""dataNew Columns:"")"
"1","[1]"
"1"," ""dataNew Columns:"""
"1","
"
"0","colnames(PGDataNew)"
"1"," [1]"
"1"," ""incident_case_id""       "
"1"," ""date""                   "
"1"," ""clearance_code_inc_type"""
"1"," ""PGPD.Reporting.Area""    "
"1","
"
"1"," [5]"
"1"," ""PGPD.Sector""            "
"1"," ""PGPD.BEAT""              "
"1"," ""street_number""          "
"1"," ""street_address""         "
"1","
"
"1"," [9]"
"1"," ""latitude""               "
"1"," ""longitude""              "
"1"," ""location""               "
"1","
"
